排名,片名,评分,导演,主演,上映时间,制片国家/地区,类型,电影图
1,肖申克的救赎,9.7,弗兰克·德拉邦特FrankDarabont,蒂姆·罗宾斯TimRobbins/,1994,美国,犯罪剧情,https://img3.doubanio.com/view/photo/s_ratio_poster/public/p480747492.jpg,
2,霸王别姬,9.6,陈凯歌KaigeChen,张国荣LeslieCheung/张丰毅FengyiZha,1993,中国大陆中国香港,剧情爱情同性,https://img3.doubanio.com/view/photo/s_ratio_poster/public/p2561716440.jpg,
3,阿甘正传,9.5,罗伯特·泽米吉斯RobertZemeckis,汤姆·汉克斯TomHanks/,1994,美国,剧情爱情,https://img9.doubanio.com/view/photo/s_ratio_poster/public/p1484728154.jpg,
4,这个杀手不太冷,9.4,吕克·贝松LucBesson,让·雷诺JeanReno/娜塔莉·波特曼,1994,法国,剧情动作犯罪,https://img3.doubanio.com/view/photo/s_ratio_poster/public/p511118051.jpg,
5,美丽人生,9.5,罗伯托·贝尼尼RobertoBenigni,罗伯托·贝尼尼RobertoBeni,1997,意大利,剧情喜剧爱情战争,https://img3.doubanio.com/view/photo/s_ratio_poster/public/p2578474613.jpg,
6,泰坦尼克号,9.4,詹姆斯·卡梅隆JamesCameron,莱昂纳多·迪卡普里奥Leonardo,1997,美国,剧情爱情灾难,https://img9.doubanio.com/view/photo/s_ratio_poster/public/p457760035.jpg,
7,千与千寻,9.4,宫崎骏HayaoMiyazaki,柊瑠美RumiHîragi/入野自由Miy,2001,日本,剧情动画奇幻,https://img1.doubanio.com/view/photo/s_ratio_poster/public/p2557573348.jpg,
8,辛德勒的名单,9.5,史蒂文·斯皮尔伯格StevenSpielberg,连姆·尼森LiamNeeson,1993,美国,剧情历史战争,https://img3.doubanio.com/view/photo/s_ratio_poster/public/p492406163.jpg,
9,盗梦空间,9.3,克里斯托弗·诺兰ChristopherNolan,莱昂纳多·迪卡普里奥Le,2010,美国英国,剧情科幻悬疑冒险,https://img9.doubanio.com/view/photo/s_ratio_poster/public/p513344864.jpg,
10,忠犬八公的故事,9.4,莱塞·霍尔斯道姆LasseHallström,理查·基尔RichardGer,2009,美国英国,剧情,https://img1.doubanio.com/view/photo/s_ratio_poster/public/p524964039.jpg,
11,海上钢琴师,9.3,朱塞佩·托纳多雷GiuseppeTornatore,蒂姆·罗斯TimRoth/,1998,意大利,剧情音乐,https://img9.doubanio.com/view/photo/s_ratio_poster/public/p2574551676.jpg,
12,楚门的世界,9.3,彼得·威尔PeterWeir,金·凯瑞JimCarrey/劳拉·琳妮Lau,1998,美国,剧情科幻,https://img3.doubanio.com/view/photo/s_ratio_poster/public/p479682972.jpg,
13,三傻大闹宝莱坞,9.2,拉库马·希拉尼RajkumarHirani,阿米尔·汗AamirKhan/卡,2009,印度,剧情喜剧爱情歌舞,https://img3.doubanio.com/view/photo/s_ratio_poster/public/p579729551.jpg,
14,机器人总动员,9.3,安德鲁·斯坦顿AndrewStanton,本·贝尔特BenBurtt/艾丽,2008,美国,科幻动画冒险,https://img3.doubanio.com/view/photo/s_ratio_poster/public/p1461851991.jpg,
15,放牛班的春天,9.3,克里斯托夫·巴拉蒂ChristopheBarratier,热拉尔·朱尼奥Gé,2004,法国瑞士德国,剧情音乐,https://img3.doubanio.com/view/photo/s_ratio_poster/public/p1910824951.jpg,
16,星际穿越,9.3,克里斯托弗·诺兰ChristopherNolan,马修·麦康纳MatthewMc,2014,美国英国加拿大冰岛,剧情科幻冒险,https://img3.doubanio.com/view/photo/s_ratio_poster/public/p2206088801.jpg,
17,大话西游之大圣娶亲,9.2,刘镇伟JeffreyLau,周星驰StephenChow/吴孟达ManTatNg,1995,中国香港中国大陆,喜剧爱情奇幻古装,https://img9.doubanio.com/view/photo/s_ratio_poster/public/p2455050536.jpg,
18,熔炉,9.3,黄东赫Dong-hyukHwang,孔侑YooGong/郑有美Yu-miJung/,2011,韩国,剧情,https://img9.doubanio.com/view/photo/s_ratio_poster/public/p1363250216.jpg,
19,疯狂动物城,9.2,拜伦·霍华德ByronHoward/瑞奇·摩尔RichMoore,金妮弗·,2016,美国,喜剧动画冒险,https://img1.doubanio.com/view/photo/s_ratio_poster/public/p2315672647.jpg,
20,无间道,9.2,刘伟强/麦兆辉,刘德华/梁朝伟/黄秋生2002/中国香港/剧情犯罪悬疑,未知,未知,未知,https://img3.doubanio.com/view/photo/s_ratio_poster/public/p2564556863.jpg,
21,龙猫,9.2,未知,未知,1988,日本,动画奇幻冒险,https://img9.doubanio.com/view/photo/s_ratio_poster/public/p2540924496.jpg,
22,教父,9.3,宫崎骏HayaoMiyazaki,日高法子NorikoHidaka/坂本千夏Ch,1972,美国,剧情犯罪,https://img9.doubanio.com/view/photo/s_ratio_poster/public/p616779645.jpg,
23,当幸福来敲门,9.1,弗朗西斯·福特·科波拉FrancisFordCoppola,马龙·白兰度M,2006,美国,剧情传记家庭,https://img1.doubanio.com/view/photo/s_ratio_poster/public/p1312700628.jpg,
24,怦然心动,9.1,加布里尔·穆奇诺GabrieleMuccino,威尔·史密斯WillSmith,2010,美国,剧情喜剧爱情,https://img1.doubanio.com/view/photo/s_ratio_poster/public/p501177648.jpg,
25,触不可及,9.2,罗伯·莱纳RobReiner,玛德琳·卡罗尔MadelineCarroll/卡,未知,未知,未知,https://img9.doubanio.com/view/photo/s_ratio_poster/public/p1454261925.jpg,
26,蝙蝠侠：黑暗骑士,9.2,克里斯托弗·诺兰ChristopherNolan,克里斯蒂安·贝尔Christ,2008,美国英国,剧情动作科幻犯罪惊悚,https://img3.doubanio.com/view/photo/s_ratio_poster/public/p462657443.jpg,
27,控方证人,9.6,比利·怀尔德BillyWilder,泰隆·鲍华TyronePower/玛琳·,1957,美国,剧情犯罪悬疑,https://img1.doubanio.com/view/photo/s_ratio_poster/public/p1505392928.jpg,
28,活着,9.2,张艺谋YimouZhang,葛优YouGe/巩俐LiGong/姜武WuJiang1994/中国大陆中国香港/剧情历史家庭,未知,未知,未知,https://img3.doubanio.com/view/photo/s_ratio_poster/public/p2513253791.jpg,
29,寻梦环游记,9.1,未知,未知,2017,美国,喜剧动画奇幻音乐,https://img1.doubanio.com/view/photo/s_ratio_poster/public/p2503997609.jpg,
30,乱世佳人,9.3,李·昂克里奇LeeUnkrich/阿德里安·莫利纳AdrianMolina,,1939,美国,剧情历史爱情战争,https://img3.doubanio.com/view/photo/s_ratio_poster/public/p1963126880.jpg,
31,末代皇帝,9.2,维克多·弗莱明VictorFleming/乔治·库克GeorgeCukor,费,1987,英国意大利中国大陆法国,剧情传记历史,https://img3.doubanio.com/view/photo/s_ratio_poster/public/p452089833.jpg,
32,摔跤吧！爸爸,9.0,贝纳尔多·贝托鲁奇BernardoBertolucci,尊龙JohnLone/陈,2016,印度,剧情传记运动家庭,https://img9.doubanio.com/view/photo/s_ratio_poster/public/p2457983084.jpg,
33,何以为家,9.1,涅提·蒂瓦里NiteshTiwari,阿米尔·汗AamirKhan/法缇玛,2018,黎巴嫩法国美国,剧情,https://img1.doubanio.com/view/photo/s_ratio_poster/public/p2555295759.jpg,
34,指环王3：王者无敌,9.2,娜丁·拉巴基NadineLabaki,扎因·拉费阿Zainal-Rafeea/,2003,美国新西兰,剧情动作奇幻冒险,https://img3.doubanio.com/view/photo/s_ratio_poster/public/p1910825503.jpg,
35,少年派的奇幻漂流,9.1,彼得·杰克逊PeterJackson,伊利亚·伍德ElijahWood/西恩,2012,美国中国台湾英国加拿大,剧情奇幻冒险,https://img3.doubanio.com/view/photo/s_ratio_poster/public/p1784592701.jpg,
36,飞屋环游记,9.0,李安AngLee,苏拉·沙玛SurajSharma/伊尔凡·可汗Irrfan,2009,美国,剧情喜剧动画冒险,https://img9.doubanio.com/view/photo/s_ratio_poster/public/p485887754.jpg,
37,十二怒汉,9.4,彼特·道格特PeteDocter/鲍勃·彼德森BobPeterson,爱德,1957,美国,剧情,https://img3.doubanio.com/view/photo/s_ratio_poster/public/p2173577632.jpg,
38,鬼子来了,9.2,SidneyLumet,亨利·方达HenryFonda/马丁·鲍尔萨姆Marti,2000,中国大陆,剧情喜剧,https://img1.doubanio.com/view/photo/s_ratio_poster/public/p2553104888.jpg,
39,天空之城,9.1,姜文WenJiang,姜文WenJiang/香川照之TeruyukiKagawa/,1986,日本,动画奇幻冒险,https://img1.doubanio.com/view/photo/s_ratio_poster/public/p1446261379.jpg,
40,素媛,9.2,宫崎骏HayaoMiyazaki,田中真弓MayumiTanaka/横泽启子Ke,2013,韩国,剧情,https://img9.doubanio.com/view/photo/s_ratio_poster/public/p2118532944.jpg,
41,哈尔的移动城堡,9.1,李濬益Jun-ikLee,薛景求Kyung-guSol/严志媛Ji-wonUhm,2004,日本,动画奇幻冒险,https://img3.doubanio.com/view/photo/s_ratio_poster/public/p2174346180.jpg,
42,大话西游之月光宝盒,9.0,宫崎骏HayaoMiyazaki,倍赏千惠子ChiekoBaishô/木村拓,1995,中国香港中国大陆,喜剧爱情奇幻古装,https://img3.doubanio.com/view/photo/s_ratio_poster/public/p2561721372.jpg,
43,天堂电影院,9.2,刘镇伟JeffreyLau,周星驰StephenChow/吴孟达ManTatNg,1988,意大利法国,剧情爱情,https://img1.doubanio.com/view/photo/s_ratio_poster/public/p2559577569.jpg,
44,罗马假日,9.0,朱塞佩·托纳多雷GiuseppeTornatore,安东内拉·阿蒂利Anton,1953,美国,喜剧剧情爱情,https://img9.doubanio.com/view/photo/s_ratio_poster/public/p2189265085.jpg,
45,闻香识女人,9.1,威廉·惠勒WilliamWyler,奥黛丽·赫本AudreyHepburn/格,1992,美国,剧情,https://img1.doubanio.com/view/photo/s_ratio_poster/public/p2550757929.jpg,
46,辩护人,9.2,马丁·布莱斯MartinBrest,阿尔·帕西诺AlPacino/克里斯,2013,韩国,剧情,https://img9.doubanio.com/view/photo/s_ratio_poster/public/p2158166535.jpg,
47,哈利·波特与魔法石,9.0,杨宇硕Woo-seokYang,宋康昊Kang-hoSong/金英爱Yeong-ae,未知,未知,未知,https://img9.doubanio.com/view/photo/s_ratio_poster/public/p804947166.jpg,
48,我不是药神,9.0,ChrisColumbus,DanielRadcliffe/EmmaWatson/RupertGrint2001/美国英国/奇幻冒险,2018,中国大陆,剧情喜剧,https://img9.doubanio.com/view/photo/s_ratio_poster/public/p2561305376.jpg,
49,搏击俱乐部,9.0,未知,未知,1999,美国德国,剧情动作悬疑惊悚,https://img1.doubanio.com/view/photo/s_ratio_poster/public/p1910926158.jpg,
50,死亡诗社,9.1,文牧野MuyeWen,徐峥ZhengXu/王传君ChuanjunWang/周,1989,美国,剧情,https://img3.doubanio.com/view/photo/s_ratio_poster/public/p2575465690.jpg,
51,教父2,9.2,弗朗西斯·福特·科波拉FrancisFordCoppola,阿尔·帕西诺A,1974,美国,剧情犯罪,https://img1.doubanio.com/view/photo/s_ratio_poster/public/p2194138787.jpg,
52,指环王2：双塔奇兵,9.1,彼得·杰克逊PeterJackson,伊利亚·伍德ElijahWood/西恩,2002,美国新西兰,剧情动作奇幻冒险,https://img9.doubanio.com/view/photo/s_ratio_poster/public/p909265336.jpg,
53,狮子王,9.0,RogerAllers/罗伯·明可夫RobMinkoff,乔纳森·泰勒·托马,1994,美国,动画冒险歌舞,https://img1.doubanio.com/view/photo/s_ratio_poster/public/p2277799019.jpg,
54,大闹天宫,9.3,万籁鸣LaimingWan/唐澄ChengTang,邱岳峰YuefengQiu/,1961(中国大陆),1964(中国大陆),1978(中国大陆),https://img1.doubanio.com/view/photo/s_ratio_poster/public/p2184505167.jpg,
55,窃听风暴,9.1,弗洛里安·亨克尔·冯·多纳斯马尔克FlorianHenckelvonDonnersmarck&n,未知,未知,未知,未知,https://img1.doubanio.com/view/photo/s_ratio_poster/public/p1808872109.jpg,
56,指环王1：魔戒再现,9.0,未知,伊利亚·伍德ElijahWood/西恩,2001,新西兰美国,剧情动作奇幻冒险,https://img3.doubanio.com/view/photo/s_ratio_poster/public/p1354436051.jpg,
57,猫鼠游戏,9.0,彼得·杰克逊PeterJackson,莱昂纳多·迪卡普里奥L,2002,美国加拿大,传记犯罪剧情,https://img3.doubanio.com/view/photo/s_ratio_poster/public/p453924541.jpg,
58,两杆大烟枪,9.1,史蒂文·斯皮尔伯格StevenSpielberg,JasonFlemyng/DexterFletcher/NickMoran1998/英国/剧情喜剧犯罪,未知,未知,未知,https://img1.doubanio.com/view/photo/s_ratio_poster/public/p792443418.jpg,
59,美丽心灵,9.0,GuyRitchie,未知,2001,美国,传记剧情,https://img3.doubanio.com/view/photo/s_ratio_poster/public/p1665997400.jpg,
60,饮食男女,9.1,未知,罗素·克劳RussellCrowe/艾德·哈,1994,中国台湾美国,剧情家庭,https://img3.doubanio.com/view/photo/s_ratio_poster/public/p1910899751.jpg,
61,钢琴家,9.2,朗·霍华德RonHoward,郎雄SihungLung/杨贵媚Kuei-MeiYang/吴,2002,法国德国英国波兰,剧情传记历史战争音乐,https://img3.doubanio.com/view/photo/s_ratio_poster/public/p792376093.jpg,
62,黑客帝国,9.0,李安AngLee,艾德里安·布洛迪AdrienBrod,未知,未知,未知,https://img1.doubanio.com/view/photo/s_ratio_poster/public/p451926968.jpg,
63,飞越疯人院,9.1,罗曼·波兰斯基RomanPolanski,未知,1975,美国,剧情,https://img1.doubanio.com/view/photo/s_ratio_poster/public/p792238287.jpg,
64,V字仇杀队,8.9,安迪·沃卓斯基AndyWachowski/拉娜·沃卓斯基LanaWachowski主,杰克·尼科尔森JackNichols,2005,美国英国德国,剧情动作科幻惊悚,https://img3.doubanio.com/view/photo/s_ratio_poster/public/p1465235231.jpg,
65,本杰明·巴顿奇事,8.9,未知,娜塔莉·波特曼NataliePor,2008,美国,剧情爱情奇幻,https://img3.doubanio.com/view/photo/s_ratio_poster/public/p2192535722.jpg,
66,看不见的客人,8.8,米洛斯·福尔曼MilošForman,凯特·布兰切特CateBlanchett/,2016,西班牙,剧情犯罪悬疑惊悚,https://img9.doubanio.com/view/photo/s_ratio_poster/public/p2498971355.jpg,
67,让子弹飞,8.8,詹姆斯·麦克特格JamesMcTeigue,马里奥·卡萨斯MarioCasas/阿,2010,中国大陆中国香港,剧情喜剧动作西部,https://img1.doubanio.com/view/photo/s_ratio_poster/public/p1512562287.jpg,
68,西西里的美丽传说,8.9,大卫·芬奇DavidFincher,姜文WenJiang/葛优YouGe/周润发Yun-F,2000,意大利美国,剧情战争情色,https://img9.doubanio.com/view/photo/s_ratio_poster/public/p2448029416.jpg,
69,小鞋子,9.2,奥里奥尔·保罗OriolPaulo,莫妮卡·贝鲁奇Monica,1997,伊朗,剧情儿童家庭,https://img9.doubanio.com/view/photo/s_ratio_poster/public/p2173580536.jpg,
70,拯救大兵瑞恩,9.0,姜文WenJiang,法拉赫阿米尔·哈什米安AmirFa,1998,美国,剧情历史战争,https://img9.doubanio.com/view/photo/s_ratio_poster/public/p1014542496.jpg,
71,海豚湾,9.3,朱塞佩·托纳多雷GiuseppeTornatore,汤姆·汉克斯TomHanks,2009,美国,纪录片,https://img1.doubanio.com/view/photo/s_ratio_poster/public/p2559579779.jpg,
72,绿皮书,8.9,马基德·马基迪MajidMajidi,RichardO'Barry/路易·西霍,2018,美国,剧情喜剧传记,https://img3.doubanio.com/view/photo/s_ratio_poster/public/p2549177902.jpg,
73,情书,8.9,史蒂文·斯皮尔伯格StevenSpielberg,维果·莫腾森ViggoMortensen/,1995,日本,剧情爱情,https://img1.doubanio.com/view/photo/s_ratio_poster/public/p449897379.jpg,
74,穿条纹睡衣的男孩,9.1,路易·西霍尤斯LouiePsihoyos,中山美穗MihoNakayama/丰川悦司Ets,2008,英国美国,剧情战争,https://img3.doubanio.com/view/photo/s_ratio_poster/public/p1473670352.jpg,
75,音乐之声,9.0,彼得·法雷里PeterFarrelly,阿萨·巴特菲尔德AsaButterfield,1965,美国,剧情传记爱情歌舞,https://img1.doubanio.com/view/photo/s_ratio_poster/public/p453788577.jpg,
76,海蒂和爷爷,9.2,阿兰·葛斯彭纳AlainGsponer,阿努克·斯特芬AnukSteffen/,2015,德国瑞士南非,剧情冒险家庭,https://img9.doubanio.com/view/photo/s_ratio_poster/public/p2554525534.jpg,
77,美国往事,9.2,赛尔乔·莱翁内SergioLeone,罗伯特·德尼罗RobertDeNiro,1984,美国意大利,犯罪剧情,https://img1.doubanio.com/view/photo/s_ratio_poster/public/p477229647.jpg,
78,致命魔术,8.9,克里斯托弗·诺兰ChristopherNolan,休·杰克曼HughJackman,2006,英国美国,剧情悬疑惊悚,https://img9.doubanio.com/view/photo/s_ratio_poster/public/p480383375.jpg,
79,低俗小说,8.8,昆汀·塔伦蒂诺QuentinTarantino,约翰·特拉沃尔塔JohnTra,1994,美国,剧情喜剧犯罪,https://img3.doubanio.com/view/photo/s_ratio_poster/public/p1910902213.jpg,
80,七宗罪,8.8,大卫·芬奇DavidFincher,摩根·弗里曼MorganFreeman/布,1995,美国,剧情犯罪悬疑惊悚,https://img9.doubanio.com/view/photo/s_ratio_poster/public/p2219586434.jpg,
81,沉默的羔羊,8.8,乔纳森·戴米JonathanDemme,朱迪·福斯特JodieFoster/安,1991,美国,剧情犯罪惊悚,https://img1.doubanio.com/view/photo/s_ratio_poster/public/p1593414327.jpg,
82,蝴蝶效应,8.8,埃里克·布雷斯EricBress/J·麦基·格鲁伯J.MackyeGruber主,未知,未知,未知,未知,https://img1.doubanio.com/view/photo/s_ratio_poster/public/p2209066019.jpg,
83,禁闭岛,8.8,未知,莱昂纳多·迪卡普里奥LeonardoDiCaprio/,2010,美国,剧情悬疑惊悚,https://img1.doubanio.com/view/photo/s_ratio_poster/public/p1832875827.jpg,
84,春光乍泄,8.9,MartinScorsese,张国荣LeslieCheung/梁朝伟TonyLeu,1997,中国香港日本韩国,剧情爱情同性,https://img3.doubanio.com/view/photo/s_ratio_poster/public/p465939041.jpg,
85,心灵捕手,8.9,王家卫KarWaiWong,马特·达蒙MattDamon/罗宾·,1997,美国,剧情,https://img9.doubanio.com/view/photo/s_ratio_poster/public/p480965695.jpg,
86,布达佩斯大饭店,8.8,格斯·范·桑特GusVanSant,拉尔夫·费因斯RalphFiennes/,2014,美国德国英国,剧情喜剧冒险,https://img3.doubanio.com/view/photo/s_ratio_poster/public/p2178872593.jpg,
87,被嫌弃的松子的一生,8.9,韦斯·安德森WesAnderson,中谷美纪MikiNakatani/瑛太E,2006,日本,剧情歌舞,https://img9.doubanio.com/view/photo/s_ratio_poster/public/p884763596.jpg,
88,阿凡达,8.7,中岛哲也TetsuyaNakashima,萨姆·沃辛顿SamWorthington,2009,美国英国,动作科幻冒险,https://img1.doubanio.com/view/photo/s_ratio_poster/public/p2180085848.jpg,
89,摩登时代,9.3,詹姆斯·卡梅隆JamesCameron,查理·卓别林CharlesChaplin,1936,美国,剧情喜剧爱情,https://img1.doubanio.com/view/photo/s_ratio_poster/public/p2263408369.jpg,
90,剪刀手爱德华,8.7,查理·卓别林CharlesChaplin,约翰尼·德普JohnnyDepp/薇诺娜·,1990,美国,剧情奇幻爱情,https://img1.doubanio.com/view/photo/s_ratio_poster/public/p480956937.jpg,
91,勇敢的心,8.9,蒂姆·波顿TimBurton,梅尔·吉布森MelGibson/苏菲·玛,1995,美国,动作传记剧情历史战争,https://img9.doubanio.com/view/photo/s_ratio_poster/public/p2218094815.jpg,
92,天使爱美丽,8.7,梅尔·吉布森MelGibson,奥黛丽·塔图AudreyTau,2001,法国德国,喜剧爱情,https://img3.doubanio.com/view/photo/s_ratio_poster/public/p2447590313.jpg,
93,喜剧之王,8.7,让-皮埃尔·热内Jean-PierreJeunet,周星驰StephenCh,1999,中国香港,喜剧剧情爱情,https://img1.doubanio.com/view/photo/s_ratio_poster/public/p2579932167.jpg,
94,致命ID,8.8,周星驰StephenChow/李力持Lik-ChiLee,约翰·库萨克JohnCusack/雷,2003,美国,剧情悬疑惊悚,https://img9.doubanio.com/view/photo/s_ratio_poster/public/p2558364386.jpg,
95,加勒比海盗,8.7,詹姆斯·曼高德JamesMangold,约翰尼·德普JohnnyDepp/,2003,美国,动作冒险奇幻,https://img9.doubanio.com/view/photo/s_ratio_poster/public/p1596085504.jpg,
96,断背山,8.8,戈尔·维宾斯基GoreVerbinski,希斯·莱杰HeathLedger/杰克·吉伦哈尔Jake,2005,美国加拿大,剧情爱情同性家庭,https://img1.doubanio.com/view/photo/s_ratio_poster/public/p2514704949.jpg,
97,杀人回忆,8.8,李安AngLee,宋康昊Kang-hoSong/金相庆Sang-kyun,2003,韩国,剧情动作犯罪悬疑惊悚,https://img3.doubanio.com/view/photo/s_ratio_poster/public/p657823840.jpg,
98,狩猎,9.1,奉俊昊Joon-hoBong,麦斯·米科尔森MadsMik,2012,丹麦瑞典,剧情,https://img1.doubanio.com/view/photo/s_ratio_poster/public/p1546987967.jpg,
99,哈利·波特与死亡圣器(下),8.8,托马斯·温特伯格ThomasVinterberg,丹尼尔·雷德克里夫DanielRadcliffe,2011,美国英国,奇幻冒险,https://img3.doubanio.com/view/photo/s_ratio_poster/public/p917846733.jpg,
100,请以你的名字呼唤我,8.9,大卫·叶茨DavidYates,艾米·汉莫ArmieHammer/,2017,意大利法国巴西美国荷兰德国,剧情爱情同性,https://img3.doubanio.com/view/photo/s_ratio_poster/public/p2505525050.jpg,
101,幽灵公主,8.9,宫崎骏HayaoMiyazaki,松田洋治YôjiMatsuda/石田百合,1997,日本,动画奇幻冒险,https://img9.doubanio.com/view/photo/s_ratio_poster/public/p1613191025.jpg,
102,阳光灿烂的日子,8.8,姜文WenJiang,夏雨YuXia/宁静JingNing/陶虹HongTao1994/中国大陆中国香港/剧情爱情,未知,未知,未知,https://img9.doubanio.com/view/photo/s_ratio_poster/public/p2564685215.jpg,
103,小森林 夏秋篇,9.0,未知,未知,2014,日本,剧情,https://img3.doubanio.com/view/photo/s_ratio_poster/public/p2564498893.jpg,
104,入殓师,8.8,森淳一JunichiMori,桥本爱AiHashimoto/三浦贵大Takahir,2008,日本,剧情,https://img1.doubanio.com/view/photo/s_ratio_poster/public/p594972928.jpg,
105,重庆森林,8.7,泷田洋二郎YôjirôTakita,本木雅弘MasahiroMotoki/,1994,中国香港,剧情爱情,https://img3.doubanio.com/view/photo/s_ratio_poster/public/p792381411.jpg,
106,第六感,8.9,王家卫KarWaiWong,林青霞BrigitteLin/金城武TakeshiK,1999,美国,剧情悬疑惊悚,https://img9.doubanio.com/view/photo/s_ratio_poster/public/p2220184425.jpg,
107,7号房的礼物,8.9,M·奈特·沙马兰M.NightShyamalan,布鲁斯·威利斯BruceWi,2013,韩国,剧情喜剧家庭,https://img9.doubanio.com/view/photo/s_ratio_poster/public/p1816276065.jpg,
108,消失的爱人,8.7,李焕庆Hwan-kyeongLee,柳承龙Seung-yongRyoo/朴信惠Shi,2014,美国,剧情犯罪悬疑惊悚,https://img9.doubanio.com/view/photo/s_ratio_poster/public/p2221768894.jpg,
109,红辣椒,9.0,大卫·芬奇DavidFincher,本·阿弗莱克BenAffleck/罗莎蒙,2006,日本,动画悬疑科幻惊悚,https://img3.doubanio.com/view/photo/s_ratio_poster/public/p456825720.jpg,
110,小森林 冬春篇,9.0,今敏SatoshiKon,林原惠美MegumiHayashibara/江守彻Toru,2015,日本,剧情,https://img3.doubanio.com/view/photo/s_ratio_poster/public/p2258078370.jpg,
111,爱在黎明破晓前,8.8,森淳一JunichiMori,桥本爱AiHashimoto/三浦贵大Takahir,1995,美国奥地利瑞士,剧情爱情,https://img9.doubanio.com/view/photo/s_ratio_poster/public/p2555762374.jpg,
112,一一,9.0,理查德·林克莱特RichardLinklater,伊桑·霍克EthanHawke,2000,中国台湾日本,剧情爱情家庭,https://img3.doubanio.com/view/photo/s_ratio_poster/public/p2567845803.jpg,
113,侧耳倾听,8.9,杨德昌EdwardYang,吴念真/李凯莉KellyLee/金燕玲Elai,1995,日本,剧情爱情动画,https://img3.doubanio.com/view/photo/s_ratio_poster/public/p456692072.jpg,
114,唐伯虎点秋香,8.6,近藤喜文YoshifumiKondo,本名阳子YoukoHonna/小林桂树K,1993,中国香港,喜剧爱情古装,https://img9.doubanio.com/view/photo/s_ratio_poster/public/p2357915564.jpg,
115,超脱,8.9,李力持Lik-ChiLee,周星驰StephenChow/巩俐LiGong/陈,2011,美国,剧情,https://img3.doubanio.com/view/photo/s_ratio_poster/public/p1305562621.jpg,
116,玛丽和马克思,8.9,托尼·凯耶TonyKaye,艾德里安·布洛迪AdrienBrody/马西,2009,澳大利亚,剧情喜剧动画,https://img9.doubanio.com/view/photo/s_ratio_poster/public/p2162822165.jpg,
117,倩女幽魂,8.7,亚当·艾略特AdamElliot,托妮·科莱特ToniCollette/菲利,1987,中国香港,爱情奇幻武侠古装,https://img9.doubanio.com/view/photo/s_ratio_poster/public/p2414157745.jpg,
118,蝙蝠侠：黑暗骑士崛起,8.8,程小东Siu-TungChing,张国荣LeslieCheung/王祖贤JoeyW,2012,美国英国,剧情动作科幻犯罪惊悚,https://img9.doubanio.com/view/photo/s_ratio_poster/public/p1706428744.jpg,
119,告白,8.7,克里斯托弗·诺兰ChristopherNolan,克里斯蒂安·贝尔Christ,2010,日本,剧情惊悚,https://img9.doubanio.com/view/photo/s_ratio_poster/public/p689520756.jpg,
120,大鱼,8.8,中岛哲也TetsuyaNakashima,松隆子TakakoMatsu/冈田将生,2003,美国,剧情家庭奇幻冒险,https://img9.doubanio.com/view/photo/s_ratio_poster/public/p692813374.jpg,
121,阳光姐妹淘,8.8,蒂姆·波顿TimBurton,伊万·麦克格雷格EwanMcGregor/阿,2011,韩国,剧情喜剧,https://img1.doubanio.com/view/photo/s_ratio_poster/public/p1374786017.jpg,
122,甜蜜蜜,8.8,姜炯哲Hyeong-CheolKang,沈恩京Eun-kyungShim/闵孝琳Hy,1996,中国香港,剧情爱情,https://img9.doubanio.com/view/photo/s_ratio_poster/public/p2223011274.jpg,
123,萤火之森,8.9,陈可辛PeterChan,黎明LeonLai/张曼玉MaggieCheung/,2011,日本,剧情爱情动画奇幻,https://img3.doubanio.com/view/photo/s_ratio_poster/public/p1675053073.jpg,
124,射雕英雄传之东成西就,8.7,大森贵弘TakahiroOmori,佐仓绫音AyaneSakura/内山昂辉K,1993,中国香港,喜剧奇幻武侠古装,https://img9.doubanio.com/view/photo/s_ratio_poster/public/p2609063925.jpg,
125,无人知晓,9.1,刘镇伟JeffreyLau,梁朝伟TonyLeungChiuWai/林青霞Bri,2004,日本,剧情,https://img3.doubanio.com/view/photo/s_ratio_poster/public/p661160053.jpg,
126,驯龙高手,8.7,迪恩·德布洛斯DeanDeBlois/克里斯·桑德斯ChrisSanders,,2010,美国,动画奇幻冒险,https://img9.doubanio.com/view/photo/s_ratio_poster/public/p2210954024.jpg,
127,超能陆战队,8.7,唐·霍尔DonHall/克里斯·威廉姆斯ChrisWilliams,斯科特,2014,美国,喜剧动作科幻动画冒险,https://img1.doubanio.com/view/photo/s_ratio_poster/public/p2224568669.jpg,
128,幸福终点站,8.8,史蒂文·斯皮尔伯格StevenSpielberg,汤姆·汉克斯TomHanks,2004,美国,喜剧剧情爱情,https://img1.doubanio.com/view/photo/s_ratio_poster/public/p854757687.jpg,
129,借东西的小人阿莉埃蒂,8.8,米林宏昌HiromasaYonebayashi,志田未来MiraiShida/神木,2010,日本,动画奇幻冒险,https://img9.doubanio.com/view/photo/s_ratio_poster/public/p617533616.jpg,
130,菊次郎的夏天,8.8,北野武TakeshiKitano,北野武TakeshiKitano/关口雄介Yus,1999,日本,剧情喜剧,https://img9.doubanio.com/view/photo/s_ratio_poster/public/p751835224.jpg,
131,爱在日落黄昏时,8.8,理查德·林克莱特RichardLinklater,伊桑·霍克EthanHawke,2004,美国法国,剧情爱情,https://img1.doubanio.com/view/photo/s_ratio_poster/public/p2561542458.jpg,
132,恐怖直播,8.8,金秉祐Byeong-wooKim,河正宇Jung-wooHa/李璟荣Kyeong-y,2013,韩国,剧情犯罪悬疑,https://img9.doubanio.com/view/photo/s_ratio_poster/public/p2016930906.jpg,
133,完美的世界,9.1,克林特·伊斯特伍德ClintEastwood,凯文·科斯特纳KevinCos,1993,美国,剧情犯罪,https://img1.doubanio.com/view/photo/s_ratio_poster/public/p2190556408.jpg,
134,神偷奶爸,8.6,皮艾尔·柯芬PierreCoffin/克里斯·雷纳德ChrisRenaud,,2010,美国法国,喜剧动画冒险,https://img1.doubanio.com/view/photo/s_ratio_poster/public/p792776858.jpg,
135,怪兽电力公司,8.7,彼特·道格特PeteDocter/大卫·斯沃曼DavidSilverman,约,2001,美国,儿童喜剧动画奇幻冒险,https://img1.doubanio.com/view/photo/s_ratio_poster/public/p2513247938.jpg,
136,功夫,8.6,周星驰StephenChow,周星驰StephenChow/元秋QiuYuen/,2004,中国大陆中国香港,动作喜剧犯罪奇幻,https://img1.doubanio.com/view/photo/s_ratio_poster/public/p2219011938.jpg,
137,玩具总动员3,8.8,李·昂克里奇LeeUnkrich,汤姆·汉克斯TomHanks/蒂姆·艾,2010,美国,喜剧动画奇幻冒险,https://img1.doubanio.com/view/photo/s_ratio_poster/public/p1283675359.jpg,
138,人生果实,9.5,伏原健之KenshiFushihara,津端修一ShûichiTsubata/津,2017,日本,纪录片,https://img3.doubanio.com/view/photo/s_ratio_poster/public/p2544912792.jpg,
139,血战钢锯岭,8.7,梅尔·吉布森MelGibson,安德鲁·加菲尔德AndrewGarfield/,2016,美国澳大利亚,剧情传记历史战争,https://img1.doubanio.com/view/photo/s_ratio_poster/public/p2398141939.jpg,
140,傲慢与偏见,8.6,乔·怀特JoeWright,凯拉·奈特莉KeiraKnightley/马修·,2005,法国英国美国,剧情爱情,https://img1.doubanio.com/view/photo/s_ratio_poster/public/p2016401659.jpg,
141,风之谷,8.9,宫崎骏HayaoMiyazaki,岛本须美SumiShimamoto/松田洋治Y,1984,日本,动画奇幻冒险,https://img3.doubanio.com/view/photo/s_ratio_poster/public/p1917567652.jpg,
142,时空恋旅人,8.7,理查德·柯蒂斯RichardCurtis,多姆纳尔·格里森DomhnallGl,2013,英国,喜剧爱情奇幻,https://img9.doubanio.com/view/photo/s_ratio_poster/public/p2070153774.jpg,
143,教父3,8.9,弗朗西斯·福特·科波拉FrancisFordCoppola,阿尔·帕西诺A,1990,美国,剧情犯罪,https://img3.doubanio.com/view/photo/s_ratio_poster/public/p2169664351.jpg,
144,天书奇谭,9.2,王树忱ShuchenWang/钱运达YundaQian,丁建华JianhuaDin,1983(中国大陆),中国大陆,动画奇幻,https://img1.doubanio.com/view/photo/s_ratio_poster/public/p2515539487.jpg,
145,上帝之城,8.9,费尔南多·梅里尔斯FernandoMeirelles/卡迪亚·兰德KátiaLund&nbsp,未知,未知,未知,未知,https://img3.doubanio.com/view/photo/s_ratio_poster/public/p455677490.jpg,
146,电锯惊魂,8.7,未知,雷·沃纳尔LeighWhannell/加利·艾,2004,美国,悬疑惊悚恐怖,https://img1.doubanio.com/view/photo/s_ratio_poster/public/p1421159978.jpg,
147,喜宴,8.9,詹姆斯·温JamesWan,赵文瑄WinstonChao/郎雄SihungLung/归亚,1993,中国台湾美国,剧情喜剧爱情同性家庭,https://img9.doubanio.com/view/photo/s_ratio_poster/public/p2173713676.jpg,
148,被解救的姜戈,8.7,李安AngLee,杰米·福克斯JamieFoxx/,2012,美国,剧情动作西部冒险,https://img1.doubanio.com/view/photo/s_ratio_poster/public/p1959232369.jpg,
149,英雄本色,8.7,昆汀·塔伦蒂诺QuentinTarantino,周润发Yun-FatChow/狄龙LungTi/张国,1986,中国香港,剧情动作犯罪,https://img1.doubanio.com/view/photo/s_ratio_poster/public/p2504997087.jpg,
150,谍影重重3,8.8,吴宇森JohnWoo,马特·达蒙MattDamon/,2007,美国德国,动作悬疑惊悚,https://img1.doubanio.com/view/photo/s_ratio_poster/public/p792223507.jpg,
151,七武士,9.2,黑泽明AkiraKurosawa,三船敏郎ToshirôMifune/志村乔,1954,日本,动作冒险剧情,https://img9.doubanio.com/view/photo/s_ratio_poster/public/p2215886505.jpg,
152,哪吒闹海,9.1,严定宪DingxianYan/王树忱ShuchenWang,梁正晖Zhenghui,1979,中国大陆,冒险动画奇幻,https://img3.doubanio.com/view/photo/s_ratio_poster/public/p2516566783.jpg,
153,岁月神偷,8.7,罗启锐AlexLaw,吴君如SandraNg/任达华SimonYam/钟绍,2010,中国香港中国大陆,剧情家庭,https://img3.doubanio.com/view/photo/s_ratio_poster/public/p456666151.jpg,
154,我是山姆,8.9,杰茜·尼尔森JessieNelson,SeanPenn/DakotaFanning/Mi,2001,美国,剧情家庭,https://img9.doubanio.com/view/photo/s_ratio_poster/public/p652417775.jpg,
155,釜山行,8.5,延尚昊Sang-hoYeon,孔侑YooGong/郑有美Yu-miJung/马,2016,韩国,动作惊悚灾难,https://img1.doubanio.com/view/photo/s_ratio_poster/public/p2360940399.jpg,
156,头号玩家,8.7,史蒂文·斯皮尔伯格StevenSpielberg,泰伊·谢里丹TyeSheri,2018,美国,动作科幻冒险,https://img1.doubanio.com/view/photo/s_ratio_poster/public/p2516578307.jpg,
157,疯狂原始人,8.7,科克·德·米科KirkDeMicco/克里斯·桑德斯ChrisSanders主演,未知,未知,未知,未知,https://img1.doubanio.com/view/photo/s_ratio_poster/public/p1867084027.jpg,
158,纵横四海,8.8,未知,周润发Yun-FatChow/张国荣LeslieCheung,1991,中国香港,剧情喜剧动作犯罪,https://img1.doubanio.com/view/photo/s_ratio_poster/public/p2597918718.jpg,
159,三块广告牌,8.7,吴宇森JohnWoo,弗兰西斯·麦克多蒙德France,2017,美国英国,剧情犯罪,https://img1.doubanio.com/view/photo/s_ratio_poster/public/p2510081688.jpg,
160,心迷宫,8.7,马丁·麦克唐纳MartinMcDonagh,霍卫民WeiminHuo/王笑天XiaotianWang,2014,中国大陆,剧情犯罪悬疑,https://img9.doubanio.com/view/photo/s_ratio_poster/public/p2276780256.jpg,
161,达拉斯买家俱乐部,8.8,忻钰坤YukunXin,马修·麦康纳MatthewMcCon,2013,美国,剧情传记同性,https://img1.doubanio.com/view/photo/s_ratio_poster/public/p2166160837.jpg,
162,哈利·波特与阿兹卡班的囚徒,8.7,让-马克·瓦雷Jean-MarcVallée,丹尼尔·雷德克里夫DanielRadcliffe/Emma,2004,英国美国,奇幻冒险,https://img1.doubanio.com/view/photo/s_ratio_poster/public/p1910812549.jpg,
163,萤火虫之墓,8.7,AlfonsoCuarón,辰己努/白石绫乃/志乃原良子1988/日本/动画剧情战争,未知,未知,未知,https://img1.doubanio.com/view/photo/s_ratio_poster/public/p1157334208.jpg,
164,荒蛮故事,8.8,高畑勋IsaoTakahata,未知,2014,阿根廷西班牙,剧情喜剧犯罪,https://img3.doubanio.com/view/photo/s_ratio_poster/public/p2584519452.jpg,
165,真爱至上,8.6,未知,达里奥·葛兰帝内提Darío,2003,英国美国法国,喜剧剧情爱情,https://img3.doubanio.com/view/photo/s_ratio_poster/public/p475600770.jpg,
166,贫民窟的百万富翁,8.6,达米安·斯兹弗隆DamiánSzifron,休·格兰特HughGrant/柯林,2008,英国美国,剧情爱情,https://img3.doubanio.com/view/photo/s_ratio_poster/public/p2434249040.jpg,
167,东邪西毒,8.6,理查德·柯蒂斯RichardCurtis,戴夫,1994,中国香港中国台湾,剧情动作爱情武侠古装,https://img3.doubanio.com/view/photo/s_ratio_poster/public/p1982176012.jpg,
168,你的名字。,8.4,丹尼·鲍尔DannyBoyle/洛芙琳·坦丹LoveleenTandan,张国荣LeslieCheung/林青霞Brigitte,2016,日本,剧情爱情动画,https://img1.doubanio.com/view/photo/s_ratio_poster/public/p2395733377.jpg,
169,卢旺达饭店,8.9,王家卫KarWaiWong,神木隆之介RyûnosukeKamiki/上,2004,英国南非意大利,剧情历史战争,https://img3.doubanio.com/view/photo/s_ratio_poster/public/p470419493.jpg,
170,记忆碎片,8.6,新海诚MakotoShinkai,唐·钱德尔DonCheadle/苏菲·奥,2000,美国,犯罪剧情悬疑惊悚,https://img3.doubanio.com/view/photo/s_ratio_poster/public/p641688453.jpg,
171,爆裂鼓手,8.7,特瑞·乔治TerryGeorge,盖·皮尔斯GuyPearce/,2014,美国,剧情音乐,https://img3.doubanio.com/view/photo/s_ratio_poster/public/p2220776342.jpg,
172,花样年华,8.7,克里斯托弗·诺兰ChristopherNolan,迈尔斯·特勒MilesTeller/,2000,中国香港,剧情爱情,https://img9.doubanio.com/view/photo/s_ratio_poster/public/p1910828286.jpg,
173,黑天鹅,8.6,达米恩·查泽雷DamienChazelle,梁朝伟TonyLeungChiuWai/张曼玉Ma,2010,美国,剧情惊悚,https://img9.doubanio.com/view/photo/s_ratio_poster/public/p2549648344.jpg,
174,忠犬八公物语,9.2,王家卫KarWaiWong,娜塔莉·波特曼Natalie,1987,日本,剧情,https://img3.doubanio.com/view/photo/s_ratio_poster/public/p1576418852.jpg,
175,一个叫欧维的男人决定去死,8.8,达伦·阿罗诺夫斯基DarrenAronofsky,山本圭KeiYamamoto/井川比佐志Hisa,2015,瑞典,剧情,https://img3.doubanio.com/view/photo/s_ratio_poster/public/p2406624993.jpg,
176,黑客帝国3：矩阵革命,8.7,AndyWachowski/LarryWachowski,基努·里维斯KeanuReeves,2003,美国澳大利亚,动作科幻,https://img1.doubanio.com/view/photo/s_ratio_poster/public/p2220873438.jpg,
177,模仿游戏,8.7,莫滕·泰杜姆MortenTyldum,本尼迪克特·康伯巴奇BenedictC,2014,英国美国,剧情传记战争同性,https://img3.doubanio.com/view/photo/s_ratio_poster/public/p2255040492.jpg,
178,哈利·波特与密室,8.6,ChrisColumbus,丹尼尔·雷德克里夫DanielRadcliffe/艾玛,2002,美国英国德国,奇幻冒险,https://img3.doubanio.com/view/photo/s_ratio_poster/public/p1082651990.jpg,
179,头脑特工队,8.7,彼特·道格特PeteDocter/罗纳尔多·德尔·卡门RonaldoDelCarmen&nb,未知,未知,未知,未知,https://img9.doubanio.com/view/photo/s_ratio_poster/public/p2266293606.jpg,
180,你看起来好像很好吃,8.9,未知,山口胜平KappeiYamaguchi/爱河,2010,日本,剧情动画儿童,https://img3.doubanio.com/view/photo/s_ratio_poster/public/p709670262.jpg,
181,雨人,8.7,藤森雅也MasayaFujimori,达斯汀·霍夫曼DustinHoffman,1988,美国,剧情,https://img3.doubanio.com/view/photo/s_ratio_poster/public/p942376281.jpg,
182,未麻的部屋,8.9,巴瑞·莱文森BarryLevinson,岩男润子JunkoIwao/松本梨香RicaMatsu,1997,日本,动画奇幻惊悚,https://img3.doubanio.com/view/photo/s_ratio_poster/public/p1351050722.jpg,
183,无敌破坏王,8.7,今敏SatoshiKon,约翰·C·赖利JohnC.Reilly/萨拉,2012,美国,喜剧动画奇幻冒险,https://img9.doubanio.com/view/photo/s_ratio_poster/public/p1735642656.jpg,
184,新世界,8.8,瑞奇·莫尔RichMoore,李政宰Jung-JaeLee/崔岷植Min-sik,2013,韩国,剧情犯罪,https://img1.doubanio.com/view/photo/s_ratio_poster/public/p1903379979.jpg,
185,海街日记,8.8,朴勋政Hoon-jungPark,绫濑遥HarukaAyase/长泽雅美M,2015,日本,剧情家庭,https://img1.doubanio.com/view/photo/s_ratio_poster/public/p2232247487.jpg,
186,冰川时代,8.6,是枝裕和HirokazuKoreeda,未知,未知,未知,未知,https://img1.doubanio.com/view/photo/s_ratio_poster/public/p1910895719.jpg,
187,恋恋笔记本,8.5,卡洛斯·沙尔丹哈CarlosSaldanha/克里斯·韦奇ChrisWedge主演,瑞恩·高斯林RyanGosling/,2004,美国,剧情爱情,https://img9.doubanio.com/view/photo/s_ratio_poster/public/p483604864.jpg,
188,二十二,8.7,未知,2015/中国大陆/纪录片,未知,未知,未知,https://img1.doubanio.com/view/photo/s_ratio_poster/public/p2457609817.jpg,
189,惊魂记,9.0,尼克·卡索维茨NickCassavetes,未知,1960,美国,悬疑惊悚恐怖,https://img9.doubanio.com/view/photo/s_ratio_poster/public/p1021883305.jpg,
190,海边的曼彻斯特,8.6,郭柯KeGuo,安东尼·博金斯Antho,2016,美国,剧情家庭,https://img9.doubanio.com/view/photo/s_ratio_poster/public/p2421855655.jpg,
191,房间,8.8,未知,卡西·阿弗莱克CaseyAffle,2015,爱尔兰加拿大英国美国,剧情家庭,https://img9.doubanio.com/view/photo/s_ratio_poster/public/p2259715855.jpg,
192,虎口脱险,8.9,阿尔弗雷德·希区柯克AlfredHitchcock,布丽·拉尔森BrieLarson,1966,法国英国,喜剧战争,https://img3.doubanio.com/view/photo/s_ratio_poster/public/p2399597512.jpg,
193,恐怖游轮,8.5,肯尼斯·罗纳根KennethLonergan,路易·德·菲耐斯LouisdeFunès,2009,英国澳大利亚,剧情悬疑惊悚,https://img9.doubanio.com/view/photo/s_ratio_poster/public/p462470694.jpg,
194,奇迹男孩,8.6,伦尼·阿伯拉罕森LennyAbrahamson,梅利莎·乔治Melissa,2017,美国中国香港,剧情儿童家庭,https://img1.doubanio.com/view/photo/s_ratio_poster/public/p2507709428.jpg,
195,魔女宅急便,8.6,杰拉尔·乌里GérardOury,雅各布·特伦布莱JacobTr,1989,日本,动画奇幻冒险,https://img3.doubanio.com/view/photo/s_ratio_poster/public/p456676352.jpg,
196,人工智能,8.6,克里斯托弗·史密斯ChristopherSmith,高山南MinamiTakayama/佐久间玲Re,2001,美国,剧情科幻,https://img1.doubanio.com/view/photo/s_ratio_poster/public/p792257137.jpg,
197,雨中曲,9.0,斯蒂芬·卓博斯基StephenChbosky,海利·乔·奥斯蒙Haley,1952,美国,喜剧歌舞爱情,https://img9.doubanio.com/view/photo/s_ratio_poster/public/p1612355875.jpg,
198,疯狂的石头,8.5,宫崎骏HayaoMiyazaki,吉恩·,未知,未知,未知,https://img3.doubanio.com/view/photo/s_ratio_poster/public/p712241453.jpg,
199,小偷家族,8.7,史蒂文·斯皮尔伯格StevenSpielberg,郭涛TaoGuo/刘桦HuaLiu/连晋TeddyLin2006/中国大陆中国香港/喜剧犯罪,2018,日本,剧情犯罪家庭,https://img9.doubanio.com/view/photo/s_ratio_poster/public/p2530599636.jpg,
200,绿里奇迹,8.8,斯坦利·多南StanleyDonen/吉恩·凯利GeneKelly,未知,1999,美国,犯罪剧情奇幻悬疑,https://img3.doubanio.com/view/photo/s_ratio_poster/public/p767586451.jpg,
201,爱在午夜降临前,8.8,理查德·林克莱特RichardLinklater,伊桑·霍克EthanHawke,2013,美国希腊,剧情爱情,https://img1.doubanio.com/view/photo/s_ratio_poster/public/p2074715729.jpg,
202,罗生门,8.8,黑泽明AkiraKurosawa,三船敏郎ToshirôMifune/京町子,1950,日本,剧情犯罪悬疑,https://img1.doubanio.com/view/photo/s_ratio_poster/public/p2564689879.jpg,
203,终结者2：审判日,8.7,詹姆斯·卡梅隆JamesCameron,阿诺·施瓦辛格ArnoldSchwarz,1991,美国法国,动作科幻,https://img9.doubanio.com/view/photo/s_ratio_poster/public/p1910909085.jpg,
204,初恋这件小事,8.4,普特鹏·普罗萨卡·那·萨克那卡林PuttipongPromsakaNaSakolnakorn/华森·波克彭,未知,未知,未知,未知,https://img1.doubanio.com/view/photo/s_ratio_poster/public/p767451487.jpg,
205,海洋,9.1,未知,,2009,法国瑞士西班牙美国阿联酋,纪录片,https://img9.doubanio.com/view/photo/s_ratio_poster/public/p1139181294.jpg,
206,魂断蓝桥,8.8,雅克·贝汉JacquesPerrin/雅克·克鲁奥德JacquesCluzaud,费雯·丽VivienLeigh/罗伯特·,1940,美国,剧情爱情战争,https://img1.doubanio.com/view/photo/s_ratio_poster/public/p2351134499.jpg,
207,可可西里,8.8,茂文·勒鲁瓦MervynLeRoy,多布杰Duobujie/张磊LeiZhang/亓亮QiL,2004,中国大陆中国香港,剧情犯罪,https://img3.doubanio.com/view/photo/s_ratio_poster/public/p2414771522.jpg,
208,燃情岁月,8.8,陆川ChuanLu,布拉德·皮特BradPitt/安东,1994,美国,剧情爱情战争西部,https://img1.doubanio.com/view/photo/s_ratio_poster/public/p1023654037.jpg,
209,2001太空漫游,8.8,爱德华·兹威克EdwardZwick,凯尔·杜拉KeirDullea/,1968,英国美国,科幻惊悚冒险,https://img9.doubanio.com/view/photo/s_ratio_poster/public/p2560717825.jpg,
210,穿越时空的少女,8.6,斯坦利·库布里克StanleyKubrick,仲里依纱RiisaNaka/石田卓也Takuya,2006,日本,剧情爱情科幻动画,https://img9.doubanio.com/view/photo/s_ratio_poster/public/p2079334286.jpg,
211,牯岭街少年杀人事件,8.8,细田守MamoruHosoda,张震ChenChang/杨静怡LisaYang/张,1991,中国台湾,剧情犯罪,https://img9.doubanio.com/view/photo/s_ratio_poster/public/p848381236.jpg,
212,城市之光,9.3,杨德昌EdwardYang,查理·卓别林CharlesChaplin/弗吉尼亚·,1931,美国,喜剧剧情爱情,https://img1.doubanio.com/view/photo/s_ratio_poster/public/p2170238828.jpg,
213,完美陌生人,8.5,CharlesChaplin,马可·贾利尼MarcoGiallini,2016,意大利,剧情喜剧,https://img9.doubanio.com/view/photo/s_ratio_poster/public/p2522331945.jpg,
214,无耻混蛋,8.6,保罗·格诺维瑟PaoloGenovese,布拉德·皮特BradPitt/梅拉尼·罗兰M,2009,德国美国,剧情犯罪,https://img1.doubanio.com/view/photo/s_ratio_poster/public/p2575043939.jpg,
215,新龙门客栈,8.6,QuentinTarantino,张曼玉MaggieCheung/林青霞Brigitte,1992,中国香港中国大陆,动作爱情武侠古装,https://img1.doubanio.com/view/photo/s_ratio_poster/public/p1421018669.jpg,
216,源代码,8.4,李惠民RaymondLee,杰克·吉伦哈尔JakeGyllenhaal/,2011,美国加拿大,科幻悬疑惊悚,https://img9.doubanio.com/view/photo/s_ratio_poster/public/p988260245.jpg,
217,阿飞正传,8.5,邓肯·琼斯DuncanJones,张国荣LeslieCheung/张曼玉MaggieC,1990,中国香港,犯罪剧情爱情,https://img3.doubanio.com/view/photo/s_ratio_poster/public/p2525770523.jpg,
218,青蛇,8.5,王家卫KarWaiWong,张曼玉MaggieCheung/王祖贤JoeyWang/,1993,中国香港中国大陆,剧情爱情奇幻古装,https://img9.doubanio.com/view/photo/s_ratio_poster/public/p584021784.jpg,
219,色，戒,8.5,徐克HarkTsui,梁朝伟TonyLeungChiuWai/汤唯WeiTang/,2007,中国台湾中国大陆美国中国香港,剧情爱情情色,https://img9.doubanio.com/view/photo/s_ratio_poster/public/p453716305.jpg,
220,香水,8.5,李安AngLee,本·卫肖BenWhishaw/艾伦·瑞克,2006,德国法国西班牙美国,剧情犯罪奇幻,https://img9.doubanio.com/view/photo/s_ratio_poster/public/p2441127736.jpg,
221,谍影重重2,8.7,汤姆·提克威TomTykwer,马特·达蒙MattDamon/,2004,美国德国,动作悬疑惊悚,https://img9.doubanio.com/view/photo/s_ratio_poster/public/p667644866.jpg,
222,遗愿清单,8.6,保罗·格林格拉斯PaulGreengrass,杰克·尼科尔森JackNicholson/摩根,2007,美国,冒险喜剧剧情,https://img9.doubanio.com/view/photo/s_ratio_poster/public/p708613284.jpg,
223,地球上的星星,8.9,罗伯·莱纳RobReiner,达席尔·萨法瑞DarsheelSafary/阿,2007,印度,剧情儿童家庭,https://img9.doubanio.com/view/photo/s_ratio_poster/public/p1973489335.jpg,
224,血钻,8.7,阿米尔·汗AamirKhan,莱昂纳多·迪卡普里奥Leonardo,2006,美国德国,剧情惊悚冒险,https://img3.doubanio.com/view/photo/s_ratio_poster/public/p1244017073.jpg,
225,大佛普拉斯,8.7,爱德华·兹威克EdwardZwick,庄益增YizengZhuang/陈竹昇Chu-sh,2017,中国台湾,剧情喜剧犯罪,https://img3.doubanio.com/view/photo/s_ratio_poster/public/p2505928032.jpg,
排名,片名,评分,导演,主演,上映时间,制片国家/地区,类型,电影图
排名,片名,评分,导演,主演,上映时间,制片国家/地区,类型,电影图
排名,片名,评分,导演,主演,上映时间,制片国家/地区,类型,电影图
